ID,ID_img,timestamp,x,y,fix,nSat,hErr,alt,altU,h,hU,dgpsAge,checksum,date,typename,subcategory,detail,Measurement,note,energifyn,fjernvarme,geodanmark,kortopslag,samaqua
0,,,587670.4376,6139561.332,,,,,,,,,,13/12/2020,Downspout Grille,Holes,,Totalstation,,,,,23667,
1,,,587668.1952,6139556.027,,,,,,,,,,13/12/2020,Downspout Grille,Holes,,Totalstation,,,,,23672,
2,,,587682.1708,6139550.48,,,,,,,,,,13/12/2020,Downspout Grille,Holes,,Totalstation,,,,,23674,
3,,,587683.8239,6139555.949,,,,,,,,,,13/12/2020,Downspout Grille,Holes,,Totalstation,,,,1034131762,23673,
4,,,587700.4111,6139551.951,,,,,,,,,,13/12/2020,Downspout Grille,Holes,,Totalstation,,,,,23665,
5,,,587699.3154,6139546.487,,,,,,,,,,13/12/2020,Downspout Grille,Holes,,Totalstation,,,,,44362,
6,,,587692.5801,6139542.113,,,,,,,,,,13/12/2020,Downspout Grille,Wavy,,Totalstation,,,,1034131761,23675,
7,,,587690.1571,6139548.266,,,,,,,,,,13/12/2020,Downspout Grille,Holes,,Totalstation,,,,,23676,
8,,,587674.166,6139563.572,,,,,,,,,,13/12/2020,Downspout Grille,Straight,Private,Totalstation,,,,,,
9,,,587656.4861,6139569.078,,,,,,,,,,13/12/2020,Downspout Grille,Holes,,Totalstation,,,,,23668,
10,,,587653.5418,6139564.112,,,,,,,,,,13/12/2020,Downspout Grille,Holes,,Totalstation,,,,,23671,
11,,,587642.1122,6139570.973,,,,,,,,,,13/12/2020,Downspout Grille,Holes,,Totalstation,,,,,23670,
12,,,587645.2937,6139576.088,,,,,,,,,,13/12/2020,Downspout Grille,Holes,,Totalstation,,,,,23669,
13,,,587630.2162,6139585.154,,,,,,,,,,13/12/2020,Downspout Grille,Holes,,Totalstation,,,,,44353,
14,,,587627.0791,6139580.166,,,,,,,,,,13/12/2020,Downspout Grille,Holes,,Totalstation,,,,,47123,
15,,,587670.1498,6139565.885,,,,,,,,,,13/12/2020,Downspout Grille,Straight,Private,Totalstation,,,,,,
16,,,587705.4087,6139552.461,,,,,,,,,,13/12/2020,Light Fixture,Standing,,Totalstation,,45519,,1034131981,,
17,,,587703.1415,6139549.495,,,,,,,,,,13/12/2020,Light Fixture,Hanging,,Totalstation,,38596,,,,
18,,,587680.1761,6139558.291,,,,,,,,,,13/12/2020,Light Fixture,Standing,,Totalstation,,45520,,1034131743,,
19,,,587679.4043,6139555.284,,,,,,,,,,13/12/2020,Light Fixture,Hanging,,Totalstation,,45525,,,,
20,,,587662.5281,6139566.451,,,,,,,,,,13/12/2020,Light Fixture,Standing,,Totalstation,,18652,,,,
21,,,587654.183,6139566.603,,,,,,,,,,13/12/2020,Light Fixture,Hanging,,Totalstation,,45524,,,,
22,,,587649.9483,6139564.409,,,,,,,,,,13/12/2020,Light Fixture,Standing,,Totalstation,,45521,,,,
23,,,587635.3198,6139578.697,,,,,,,,,,13/12/2020,Light Fixture,Hanging,,Totalstation,,45523,,,,
24,,,587641.6172,6139570.173,,,,,,,,,,13/12/2020,Tree,,,Totalstation,,,,,6374,
25,,,587652.0298,6139563.04,,,,,,,,,,13/12/2020,Tree,,,Totalstation,,,,,625,
26,,,587690.4949,6139548.769,,,,,,,,,,13/12/2020,Greenery,Flowerbed,,Totalstation,,,,,,
27,,,587696.4901,6139554.032,,,,,,,,,,13/12/2020,Greenery,Flowerbed,,Totalstation,,,,,,
28,,,587699.9079,6139550.133,,,,,,,,,,13/12/2020,Manhole Cover,Large,"Ulefos,SquareFrame",Totalstation,,,,1034131769,,9b03aecd-cfb4-481b-88fa-1ca682bd50b1
29,,,587691.6439,6139544.163,,,,,,,,,,13/12/2020,Manhole Cover,Small Square,,Totalstation,,,,,23677,
30,,,587690.3879,6139545.076,,,,,,,,,,13/12/2020,Manhole Cover,Large,"Universal,SquareFrame",Totalstation,,,,,,
31,,,587681.8102,6139549.25,,,,,,,,,,13/12/2020,Manhole Cover,Small Square,,Totalstation,,,,,,
32,,,587669.912,6139551.801,,,,,,,,,,13/12/2020,Manhole Cover,Small Round,,Totalstation,,,,,,
33,,,587661.1733,6139555.616,,,,,,,,,,13/12/2020,Manhole Cover,Small Round,,Totalstation,,,,,,
34,,,587656.9938,6139565.003,,,,,,,,,,13/12/2020,Manhole Cover,Large,"Ulefos,SquareFrame",Totalstation,,,,1034131768,,3f36db0d-52b0-43a1-930f-8f5ace341324
35,,,587650.3457,6139564.407,,,,,,,,,,13/12/2020,Manhole Cover,Small Square,,Totalstation,,,,,,
36,,,587650.6697,6139561.484,,,,,,,,,,13/12/2020,Manhole Cover,Small Round,,Totalstation,,,,,,
37,,,587642.6334,6139566.544,,,,,,,,,,13/12/2020,Manhole Cover,Small Round,,Totalstation,,,,,,
38,,,587636.928,6139580.112,,,,,,,,,,13/12/2020,Manhole Cover,Large,"Ulefos,SquareFrame",Totalstation,,,,1034131767,,
39,,,587634.0018,6139582.804,,,,,,,,,,13/12/2020,Manhole Cover,Large,"Art,SquareFrame",Totalstation,,,,1034131766,,
40,,,587620.8675,6139590.061,,,,,,,,,,13/12/2020,Manhole Cover,Large,"Art,SquareFrame",Totalstation,,,,1034131763,,
42,,,587626.0803,6139580.975,,,,,,,,,,13/12/2020,Manhole Cover,Large,"Ulefos,SquareFrame",Totalstation,,,,,,
43,,,587655.6352,6139570.756,,,,,,,,,,13/12/2020,Manhole Cover,Rectangular Cover,Plastic,Totalstation,,,,,,
44,,,587658.7572,6139570.999,,,,,,,,,,13/12/2020,Manhole Cover,Small Round,,Totalstation,,,,,,
45,,,587681.1648,6139561.003,,,,,,,,,,13/12/2020,Manhole Cover,Rectangular Cover,Stone,Totalstation,,,,,23666,
46,,,587688.7029,6139548.071,,,,,,,,,,13/12/2020,Misc,Electrical display,,Totalstation,,,,,,
48,,,587609.7134,6139576.379,,,,,,,,,,13/12/2020,Downspout Grille,Holes,,Totalstation,,,,,46295,
49,,,587610.0482,6139573.22,,,,,,,,,,13/12/2020,Downspout Grille,Holes Blank,Private,Totalstation,,,,,,
50,,,587600.1849,6139573.805,,,,,,,,,,13/12/2020,Downspout Grille,Holes,,Totalstation,,,,,22976,
51,,,587590.5097,6139571.24,,,,,,,,,,13/12/2020,Downspout Grille,Holes,,Totalstation,,,,,22973,
52,,,587577.6432,6139567.388,,,,,,,,,,13/12/2020,Downspout Grille,Holes,,Totalstation,,,,,44361,
53,,,587566.1626,6139564.007,,,,,,,,,,13/12/2020,Downspout Grille,Holes,,Totalstation,,,,,22969,
54,,,587555.1941,6139560.126,,,,,,,,,,13/12/2020,Downspout Grille,Holes,,Totalstation,,,,,22966,
55,,,587545.713,6139556.835,,,,,,,,,,13/12/2020,Downspout Grille,Holes,,Totalstation,,,,,22965,
56,,,587533.9251,6139552.518,,,,,,,,,,13/12/2020,Downspout Grille,Holes,,Totalstation,,,,,22962,
57,,,587524.0076,6139549.089,,,,,,,,,,13/12/2020,Downspout Grille,Holes,,Totalstation,,,,,22960,
58,,,587528.3306,6139552.957,,,,,,,,,,13/12/2020,Downspout Grille,Holes,,Totalstation,,,,,47596,
59,,,587544.437,6139557.959,,,,,,,,,,13/12/2020,Downspout Grille,Holes,,Totalstation,,,,1034131618,22964,
60,,,587555.1854,6139562.027,,,,,,,,,,13/12/2020,Downspout Grille,Holes,,Totalstation,,,,,22967,
61,,,587571.881,6139568.253,,,,,,,,,,13/12/2020,Downspout Grille,Holes,,Totalstation,,,,,22970,
62,,,587584.3441,6139572.792,,,,,,,,,,13/12/2020,Downspout Grille,Holes,,Totalstation,,,,,22972,
63,,,587596.1171,6139577.327,,,,,,,,,,13/12/2020,Downspout Grille,Holes,,Totalstation,,,,,22975,
64,,,587609.6672,6139582.105,,,,,,,,,,13/12/2020,Downspout Grille,Holes,,Totalstation,,,,,22978,
65,,,587607.4641,6139588.064,,,,,,,,,,13/12/2020,Downspout Grille,Holes,,Totalstation,,,,,,
66,,,587590.4577,6139581.745,,,,,,,,,,13/12/2020,Downspout Grille,Holes,,Totalstation,,,,,22974,
67,,,587573.6472,6139575.439,,,,,,,,,,13/12/2020,Downspout Grille,Holes,,Totalstation,,,,,45326,
68,,,587559.5428,6139570.196,,,,,,,,,,13/12/2020,Downspout Grille,Holes,,Totalstation,,,,,23142,
69,,,587545.4505,6139564.978,,,,,,,,,,13/12/2020,Downspout Grille,Holes,,Totalstation,,,,,22963,
70,,,587525.5673,6139557.837,,,,,,,,,,13/12/2020,Downspout Grille,Holes,,Totalstation,,,,,23146,
71,,,587524.1158,6139561.373,,,,,,,,,,13/12/2020,Downspout Grille,Holes,,Totalstation,,,,,23147,
72,,,587534.3852,6139564.721,,,,,,,,,,13/12/2020,Downspout Grille,Holes,,Totalstation,,,,,23145,
73,,,587545.2459,6139568.276,,,,,,,,,,13/12/2020,Downspout Grille,Holes,,Totalstation,,,,,44354,
74,,,587550.15,6139570.287,,,,,,,,,,13/12/2020,Downspout Grille,Holes,,Totalstation,,,,,23144,
75,,,587555.3268,6139571.879,,,,,,,,,,13/12/2020,Downspout Grille,Holes,,Totalstation,,,,,23143,
76,,,587567.6182,6139576.304,,,,,,,,,,13/12/2020,Downspout Grille,Holes,,Totalstation,,,,,23141,
77,,,587579.7505,6139580.596,,,,,,,,,,13/12/2020,Downspout Grille,Holes,,Totalstation,,,,,23140,
78,,,587589.1068,6139583.932,,,,,,,,,,13/12/2020,Downspout Grille,Holes,,Totalstation,,,,,23137,
79,,,587607.0195,6139590.396,,,,,,,,,,13/12/2020,Downspout Grille,Holes,,Totalstation,,,,,23135,
80,,,587609.228,6139595.796,,,,,,,,,,13/12/2020,Downspout Grille,Holes,,Totalstation,,,,,,
81,,,587601.2855,6139613.166,,,,,,,,,,13/12/2020,Downspout Grille,Holes,,Totalstation,,,,,22824,
82,,,587569.2221,6139669.905,,,,,,,,,,13/12/2020,Downspout Grille,Holes,,Totalstation,,,,,22815,
83,,,587564.4452,6139680.66,,,,,,,,,,13/12/2020,Downspout Grille,Holes,,Totalstation,,,,,22813,
84,,,587570.6087,6139670.344,,,,,,,,,,13/12/2020,Downspout Grille,Holes,,Totalstation,,,,,22816,
85,,,587575.374,6139665.492,,,,,,,,,,13/12/2020,Downspout Grille,Holes,,Totalstation,,,,,22817,
86,,,587579.7814,6139658.143,,,,,,,,,,13/12/2020,Downspout Grille,Holes,,Totalstation,,,,,22818,
87,,,587584.8845,6139648.543,,,,,,,,,,13/12/2020,Downspout Grille,Holes,,Totalstation,,,,,22819,
88,,,587586.6068,6139639.807,,,,,,,,,,13/12/2020,Downspout Grille,Holes,,Totalstation,,,,,22820,
89,,,587593.8879,6139629.444,,,,,,,,,,13/12/2020,Downspout Grille,Holes,,Totalstation,,,,,22821,
90,,,587603.8774,6139615.28,,,,,,,,,,13/12/2020,Downspout Grille,Holes,,Totalstation,,,,,22822,
91,,,587606.5745,6139607.698,,,,,,,,,,13/12/2020,Downspout Grille,Holes,,Totalstation,,,,,22823,
92,,,587613.2413,6139603.678,,,,,,,,,,13/12/2020,Downspout Grille,Holes,,Totalstation,,,,,22825,
93,,,587607.545,6139616.961,,,,,,,,,,13/12/2020,Downspout Grille,Holes,,Totalstation,,,,,22826,
94,,,587597.5707,6139631.055,,,,,,,,,,13/12/2020,Downspout Grille,Holes,,Totalstation,,,,,22827,
95,,,587593.3673,6139638.326,,,,,,,,,,13/12/2020,Downspout Grille,Holes,,Totalstation,,,,,22828,
96,,,587587.2226,6139652.444,,,,,,,,,,13/12/2020,Downspout Grille,Holes,,Totalstation,,,,,22829,
97,,,587581.4691,6139662.65,,,,,,,,,,13/12/2020,Downspout Grille,Holes,,Totalstation,,,,,22830,
98,,,587575.7441,6139671.896,,,,,,,,,,13/12/2020,Downspout Grille,Holes,,Totalstation,,,,,22831,
99,,,587569.8334,6139680.071,,,,,,,,,,13/12/2020,Downspout Grille,Holes,,Totalstation,,,,,22832,
100,,,587619.3245,6139600.377,,,,,,,,,,13/12/2020,Downspout Grille,Holes,,Totalstation,,,,,,
101,,,587693.0314,6139641.388,,,,,,,,,,13/12/2020,Downspout Grille,Holes,,Totalstation,,,,,23122,
102,,,587700.6011,6139647.742,,,,,,,,,,13/12/2020,Downspout Grille,Holes,,Totalstation,,,,,23121,
103,,,587685.4247,6139635.965,,,,,,,,,,13/12/2020,Downspout Grille,Holes,,Totalstation,,,,,23124,
104,,,587677.3353,6139630.347,,,,,,,,,,13/12/2020,Downspout Grille,Holes,,Totalstation,,,,,23126,
105,,,587669.1652,6139625.522,,,,,,,,,,13/12/2020,Downspout Grille,Holes,,Totalstation,,,,,23127,
106,,,587658.9391,6139618.78,,,,,,,,,,13/12/2020,Downspout Grille,Holes,,Totalstation,,,,,23129,
107,,,587652.5536,6139614.584,,,,,,,,,,13/12/2020,Downspout Grille,Holes,,Totalstation,,,,,23130,
108,,,587647.2037,6139609.727,,,,,,,,,,13/12/2020,Downspout Grille,Holes,,Totalstation,,,,,23131,
109,,,587636.0881,6139602.421,,,,,,,,,,13/12/2020,Downspout Grille,Holes,,Totalstation,,,,,23133,
110,,,587625.5503,6139595.458,,,,,,,,,,13/12/2020,Downspout Grille,Holes,,Totalstation,,,,,23134,
111,,,587633.5995,6139595.08,,,,,,,,,,13/12/2020,Downspout Grille,Holes,,Totalstation,,,,,22979,
112,,,587638.0835,6139599.137,,,,,,,,,,13/12/2020,Downspout Grille,Holes,,Totalstation,,,,,22980,
113,,,587649.2953,6139606.511,,,,,,,,,,13/12/2020,Downspout Grille,Holes,,Totalstation,,,,1034131734,43242,
114,,,587661.7014,6139614.684,,,,,,,,,,13/12/2020,Downspout Grille,Holes,,Totalstation,,,,,22982,
115,,,587670.7851,6139619.378,,,,,,,,,,13/12/2020,Downspout Grille,Holes,,Totalstation,,,,,22983,
116,,,587671.9313,6139621.416,,,,,,,,,,13/12/2020,Downspout Grille,Holes,,Totalstation,,,,,22984,
117,,,587680.0144,6139626.759,,,,,,,,,,13/12/2020,Downspout Grille,Holes,,Totalstation,,,,,22985,
118,,,587690.1059,6139633.401,,,,,,,,,,13/12/2020,Downspout Grille,Holes,,Totalstation,,,,1034131735,23125,
119,,,587697.986,6139639.262,,,,,,,,,,13/12/2020,Downspout Grille,Holes,,Totalstation,,,,,22987,
120,,,587710.8197,6139651.546,,,,,,,,,,13/12/2020,Downspout Grille,,,Totalstation,,,,,23009,
121,,,587610.3878,6139590.646,,,,,,,,,,13/12/2020,Tree,,,Totalstation,,,,1034116583,27657,
122,,,587604.9432,6139578.663,,,,,,,,,,13/12/2020,Tree,,,Totalstation,,,,,21913,
123,,,587599.5178,6139576.579,,,,,,,,,,13/12/2020,Tree,,,Totalstation,,,,,13084,
124,,,587593.8638,6139574.398,,,,,,,,,,13/12/2020,Tree,,,Totalstation,,,,,2119,
125,,,587588.1311,6139572.313,,,,,,,,,,13/12/2020,Tree,,,Totalstation,,,,,699,
126,,,587582.473,6139570.127,,,,,,,,,,13/12/2020,Tree,,,Totalstation,,,,,6401,
127,,,587569.9307,6139576.039,,,,,,,,,,13/12/2020,Tree,,,Totalstation,,,,1034116808,6396,
128,,,587564.5044,6139574.094,,,,,,,,,,13/12/2020,Tree,,,Totalstation,,,,1034116807,9532,
129,,,587559.1656,6139572.068,,,,,,,,,,13/12/2020,Tree,,,Totalstation,,,,,27672,
130,,,587553.2454,6139569.704,,,,,,,,,,13/12/2020,Tree,,,Totalstation,,,,,6386,
131,,,587547.7646,6139567.834,,,,,,,,,,13/12/2020,Tree,,,Totalstation,,,,1034116806,27653,
132,,,587526.4427,6139560.572,,,,,,,,,,13/12/2020,Tree,,,Totalstation,,,,1034116576,617,
133,,,587525.4824,6139550.883,,,,,,,,,,13/12/2020,Tree,,,Totalstation,,,,1034116577,647,
134,,,587620.4445,6139595.921,,,,,,,,,,13/12/2020,Tree,,,Totalstation,,,,1034116584,29404,
135,,,587604.6618,6139611.665,,,,,,,,,,13/12/2020,Tree,,,Totalstation,,,,1034132305,,
136,,,587602.501,6139624.089,,,,,,,,,,13/12/2020,Tree,,,Totalstation,,,,1034116585,,
137,,,587594.0253,6139638.511,,,,,,,,,,13/12/2020,Tree,,,Totalstation,,,,1034116586,,
138,,,587577.5671,6139658.49,,,,,,,,,,13/12/2020,Tree,,,Totalstation,,,,1034116587,,
139,,,587573.3657,6139676.055,,,,,,,,,,13/12/2020,Tree,,,Totalstation,,,,1034116588,683,
140,,,587618.4847,6139588.842,,,,,,,,,,13/12/2020,Light Fixture,Hanging,,Totalstation,,45574,,,,
141,,,587606.624,6139589.182,,,,,,,,,,13/12/2020,Light Fixture,Standing,,Totalstation,,18648,,,,
142,,,587609.6094,6139580.505,,,,,,,,,,13/12/2020,Light Fixture,Standing,,Totalstation,,45556,,,,
143,,,587596.2882,6139579.59,,,,,,,,,,13/12/2020,Light Fixture,Hanging,,Totalstation,,45573,,,,
144,,,587573.9342,6139572.162,,,,,,,,,,13/12/2020,Light Fixture,Hanging,,Totalstation,,45572,,,,
145,,,587574.0289,6139577.053,,,,,,,,,,13/12/2020,Light Fixture,Standing,,Totalstation,,45557,,1034131608,,
146,,,587572.5137,6139567.719,,,,,,,,,,13/12/2020,Light Fixture,Standing,,Totalstation,,18802,,,,
147,,,587552.2722,6139564.856,,,,,,,,,,13/12/2020,Light Fixture,Hanging,,Totalstation,,24970,,,,
148,,,587543.803,6139565.89,,,,,,,,,,13/12/2020,Light Fixture,Standing,,Totalstation,,45558,,,,
149,,,587530.9086,6139557.132,,,,,,,,,,13/12/2020,Light Fixture,Hanging,,Totalstation,,45571,,,,
150,,,587617.5487,6139598.963,,,,,,,,,,13/12/2020,Light Fixture,Standing,,Totalstation,,45563,,1034131742,,
151,,,587612.1687,6139601.64,,,,,,,,,,13/12/2020,Light Fixture,Hanging,,Totalstation,,45704,,,,
152,,,587603.7652,6139613.258,,,,,,,,,,13/12/2020,Light Fixture,Hanging,,Totalstation,,45690,,,,
153,,,587601.0695,6139627.789,,,,,,,,,,13/12/2020,Light Fixture,Hanging,,Totalstation,,45691,,,,
154,,,587576.9149,6139659.572,,,,,,,,,,13/12/2020,Light Fixture,Hanging,,Totalstation,,15859,,1034131983,,
155,,,587572.4067,6139677.83,,,,,,,,,,13/12/2020,Light Fixture,Hanging,,Totalstation,,45692,,,,
156,,,587570.8716,6139674.524,,,,,,,,,,13/12/2020,Light Fixture,Standing,,Totalstation,,45707,,,,
157,,,587585.2353,6139649.495,,,,,,,,,,13/12/2020,Light Fixture,Hanging,,Totalstation,,45706,,,,
158,,,587599.0965,6139624.995,,,,,,,,,,18/12/2020,Light Fixture,Hanging,,Totalstation,,45705,,1034131984,,
159,,,587642.4764,6139604.375,,,,,,,,,,18/12/2020,Light Fixture,Hanging,,Totalstation,,45575,,,,
160,,,587667.3652,6139620.805,,,,,,,,,,18/12/2020,Light Fixture,Hanging,,Totalstation,,45576,,,,
161,,,587690.0106,6139636.464,,,,,,,,,,18/12/2020,Light Fixture,Hanging,,Totalstation,,45577,,,,
162,,,587630.1655,6139588.285,,,,,,,,,,18/12/2020,Light Fixture,Standing,,Totalstation,,45522,,1034131741,,
163,,,587618.5122,6139590.515,,,,,,,,,,18/12/2020,Manhole Cover,Large,Art,Totalstation,,,,1034131764,,fd612d9d-8a14-44a1-bd02-3e9a27472be7
164,,,587619.1865,6139595.327,,,,,,,,,,18/12/2020,Manhole Cover,Large,Art,Totalstation,,,,,,
165,,,587632.9554,6139596.171,,,,,,,,,,18/12/2020,Manhole Cover,Large,"Art,SquareFrame",Totalstation,,,{5D6F0AB1-93B4-4A23-AC40-EB0951261355},,,
166,,,587692.7456,6139637.497,,,,,,,,,,18/12/2020,Manhole Cover,Large,"Ulefos,Art,SquareFrame",Totalstation,,,,,22986,
167,,,587667.1474,6139622.887,,,,,,,,,,18/12/2020,Manhole Cover,Large,"Ulefos,Art,SquareFrame",Totalstation,,,,1034131733,23128,27f5f63c-5982-4518-bd9e-444258a6445b
168,,,587657.4866,6139616.306,,,,,,,,,,18/12/2020,Manhole Cover,Large,"Ulefos,Art,SquareFrame",Totalstation,,,,,,1e22459d-7ed1-4e51-9854-c40768c24524
169,,,587613.7071,6139593.451,,,,,,,,,,18/12/2020,Manhole Cover,Large,Art,Totalstation,,,{F9B9138C-19FC-4263-A07F-1F4139608B27},,,
170,,,587602.1779,6139588.65,,,,,,,,,,18/12/2020,Manhole Cover,Large,"Ulefos,SquareFrame",Totalstation,,,,,,
171,,,587593.8889,6139584.923,,,,,,,,,,18/12/2020,Manhole Cover,Large,"Ulefos,SquareFrame",Totalstation,,,,,,
172,,,587566.8511,6139572.089,,,,,,,,,,18/12/2020,Manhole Cover,Large,"Ulefos,Art,SquareFrame",Totalstation,,,,,,
173,,,587523.312,6139556.82,,,,,,,,,,18/12/2020,Manhole Cover,Large,"Art,SquareFrame",Totalstation,,,,,,f324ef94-36d5-4618-a257-b983dce06085
174,,,587542.2081,6139560.625,,,,,,,,,,18/12/2020,Manhole Cover,Large,"Ulefos,Art,SquareFrame",Totalstation,,,,,,976a3009-6b96-45c4-81ba-85c6288577da
175,,,587567.4877,6139569.499,,,,,,,,,,18/12/2020,Manhole Cover,Large,"Ulefos,Art,SquareFrame",Totalstation,,,,,,c0e8dcc2-1f98-4115-94a5-ab00f8c1a412
176,,,587614.5834,6139582.933,,,,,,,,,,18/12/2020,Manhole Cover,Large,"Ulefos,Art,SquareFrame",Totalstation,,,{9BA0DEDC-AF18-4704-A6A3-438A883D3257},,,
177,,,587615.3729,6139583.494,,,,,,,,,,18/12/2020,Manhole Cover,Large,"Ulefos,Art,SquareFrame",Totalstation,,,,,,
178,,,587618.5846,6139577.666,,,,,,,,,,18/12/2020,Manhole Cover,Large,"Ulefos,Art,SquareFrame",Totalstation,,,,,,
179,,,587630.6333,6139589.25,,,,,,,,,,18/12/2020,Trash Can,Type 1,,Totalstation,,,,,,
180,,,587668.0735,6139618.215,,,,,,,,,,18/12/2020,Trash Can,Type 1,,Totalstation,,,,,,
181,,,587596.2174,6139635.36,,,,,,,,,,18/12/2020,Trash Can,Type 1,,Totalstation,,,,,,
182,,,587573.1086,6139677.407,,,,,,,,,,18/12/2020,Trash Can,Type 1,,Totalstation,,,,,,
183,,,587574.7255,6139664.058,,,,,,,,,,18/12/2020,Trash Can,Type 1,,Totalstation,,,,,,
184,,,587603.3202,6139588.047,,,,,,,,,,18/12/2020,Trash Can,Type 1,,Totalstation,,,,,,
185,,,587551.7001,6139569.855,,,,,,,,,,18/12/2020,Trash Can,Type 2,,Totalstation,,,,,,
186,,,587595.1548,6139575.096,,,,,,,,,,18/12/2020,Trash Can,Type 1,,Totalstation,,,,,,
187,,,587631.0719,6139590.803,,,,,,,,,,18/12/2020,Bench,No Armrest,,Totalstation,,,,,938,
188,,,587610.9961,6139597.584,,,,,,,,,,18/12/2020,Bench,Armrest,,Totalstation,,,,,4895,
189,,,587601.9781,6139614.665,,,,,,,,,,18/12/2020,Bench,No Armrest,,Totalstation,,,,,3645,
190,,,587595.3554,6139636.633,,,,,,,,,,18/12/2020,Bench,No Armrest,,Totalstation,,,,,4880,
191,,,587578.7029,6139657.677,,,,,,,,,,18/12/2020,Bench,No Armrest,,Totalstation,,,,,4881,
192,,,587603.8888,6139588.758,,,,,,,,,,18/12/2020,Bench,Armrest,,Totalstation,,,,,,
193,,,587525.0806,6139560.727,,,,,,,,,,18/12/2020,Bench,Round,,Totalstation,,,,,,
194,,,587634.2782,6139593.205,,,,,,,,,,18/12/2020,Greenery,Plants inside bars,,Totalstation,,,,,8074,
195,,,587638.1678,6139598.106,,,,,,,,,,18/12/2020,Greenery,Plants inside bars,,Totalstation,,,,,9697,
196,,,587643.4228,6139601.629,,,,,,,,,,18/12/2020,Greenery,Plants inside bars,,Totalstation,,,,,3638,
197,,,587678.3848,6139624.35,,,,,,,,,,18/12/2020,Greenery,Plants inside bars,,Totalstation,,,,,9713,
198,,,587604.9663,6139611.895,,,,,,,,,,18/12/2020,Greenery,Plants inside bars,,Totalstation,,,,,,
199,,,587602.3795,6139624.036,,,,,,,,,,18/12/2020,Greenery,Plants inside bars,,Totalstation,,,,,,
200,,,587593.9326,6139638.426,,,,,,,,,,18/12/2020,Greenery,Plants inside bars,,Totalstation,,,,,,
201,,,587583.4778,6139648.302,,,,,,,,,,18/12/2020,Greenery,Plants inside bars,,Totalstation,,,,,6655,
202,,,587581.7461,6139651.029,,,,,,,,,,18/12/2020,Greenery,Plants inside bars,,Totalstation,,,,,9707,
203,,,587577.1354,6139658.377,,,,,,,,,,18/12/2020,Greenery,Plants inside bars,,Totalstation,,,,,,
204,,,587585.7961,6139572.154,,,,,,,,,,18/12/2020,Manhole Cover,Rectangular Cover,Plastic,Totalstation,,,,,,
205,,,587577.4972,6139569.418,,,,,,,,,,18/12/2020,Manhole Cover,Small Square,,Totalstation,,,,,22971,
206,,,587570.1621,6139566.969,,,,,,,,,,18/12/2020,Manhole Cover,Rectangular Cover,Stone,Totalstation,,,,,,
207,,,587528.4813,6139552.263,,,,,,,,,,18/12/2020,Manhole Cover,Small Square,,Totalstation,,,,,,
208,,,587536.6357,6139552.686,,,,,,,,,,18/12/2020,Manhole Cover,Small Round,,Totalstation,,,,,,
209,,,587551.3266,6139558.027,,,,,,,,,,18/12/2020,Manhole Cover,Small Round,,Totalstation,,,,,,
210,,,587585.6778,6139569.031,,,,,,,,,,18/12/2020,Manhole Cover,Small Round,,Totalstation,,,,,,
211,,,587596.8899,6139575.748,,,,,,,,,,18/12/2020,Manhole Cover,Small Square,,Totalstation,,,,,22977,
212,,,587604.5117,6139573.91,,,,,,,,,,18/12/2020,Manhole Cover,Small Round,Complex,Totalstation,,,,,,
213,,,587604.9226,6139573.864,,,,,,,,,,18/12/2020,Manhole Cover,Small round,Complex,Totalstation,,,,,,
214,,,587616.7043,6139577.336,,,,,,,,,,18/12/2020,Manhole Cover,Small Round,,Totalstation,,,,,,
215,,,587624.5893,6139578.691,,,,,,,,,,18/12/2020,Manhole Cover,Small Round,,Totalstation,,,,,,
216,,,587635.0336,6139571.399,,,,,,,,,,18/12/2020,Manhole Cover,Small Round,,Totalstation,,,,,,
217,,,587634.7403,6139583.68,,,,,,,,,,18/12/2020,Manhole Cover,Rectangular Cover,Metal,Totalstation,,,,,,
218,,,587639.8382,6139596.2,,,,,,,,,,18/12/2020,Manhole Cover,Small Round,,Totalstation,,,,,47615,
219,,,587645.8945,6139601.423,,,,,,,,,,18/12/2020,Manhole Cover,Small Round,,Totalstation,,,,,,
220,,,587659.9257,6139610.671,,,,,,,,,,18/12/2020,Manhole Cover,Large,SquareFrame,Totalstation,,,,,,
221,,,587663.2721,6139614.208,,,,,,,,,,18/12/2020,Manhole Cover,Small Square,,Totalstation,,,,,,
222,,,587669.4244,6139616.923,,,,,,,,,,18/12/2020,Manhole Cover,Removed,,Totalstation,,,,,,
223,,,587678.8883,6139623.302,,,,,,,,,,18/12/2020,Manhole Cover,Small Round,,Totalstation,,,,,,
224,,,587687.9758,6139628.766,,,,,,,,,,18/12/2020,Manhole Cover,Small Round,,Totalstation,,,,,,
225,,,587697.6149,6139634.61,,,,,,,,,,18/12/2020,Manhole Cover,Small Round,,Totalstation,,,,,,
226,,,587692.4674,6139641.466,,,,,,,,,,18/12/2020,Manhole Cover,Small Square,,Totalstation,,,,,,
227,,,587684.6921,6139636.024,,,,,,,,,,18/12/2020,Manhole Cover,Small Square,,Totalstation,,,,,,
228,,,587674.607,6139630.738,,,,,,,,,,18/12/2020,Manhole Cover,Small Round,,Totalstation,,,,,,
229,,,587667.016,6139624.166,,,,,,,,,,18/12/2020,Manhole Cover,Small Square,,Totalstation,,,,,,
230,,,587662.6098,6139623.325,,,,,,,,,,18/12/2020,Manhole Cover,Small Round,,Totalstation,,,,,,
231,,,587646.8428,6139610.672,,,,,,,,,,18/12/2020,Manhole Cover,Small Square,,Totalstation,,,,,23132,
232,,,587645.7934,6139609.596,,,,,,,,,,18/12/2020,Manhole Cover,Small Round,,Totalstation,,,,,,
233,,,587626.8632,6139601.674,,,,,,,,,,18/12/2020,Manhole Cover,Small Round,,Totalstation,,,,,,
234,,,587622.2813,6139599.274,,,,,,,,,,18/12/2020,Manhole Cover,Small Round,,Totalstation,,,,,,
235,,,587589.8612,6139651.871,,,,,,,,,,18/12/2020,Manhole Cover,Small Round,,Totalstation,,,,,,
236,,,587568.7329,6139688.332,,,,,,,,,,18/12/2020,Manhole Cover,Small Square,,Totalstation,,,,,,
237,,,587571.7659,6139662.277,,,,,,,,,,18/12/2020,Manhole Cover,Small Round,,Totalstation,,,,,,
238,,,587576.3938,6139657.758,,,,,,,,,,18/12/2020,Manhole Cover,Small Square,,Totalstation,,,,,,
239,,,587581.0585,6139646.188,,,,,,,,,,18/12/2020,Manhole Cover,Small Round,,Totalstation,,,,,,
240,,,587581.1999,6139645.582,,,,,,,,,,18/12/2020,Manhole Cover,Small Round,,Totalstation,,,,,,
241,,,587590.2235,6139630.233,,,,,,,,,,18/12/2020,Manhole Cover,Small Round,,Totalstation,,,,,,
242,,,587537.8058,6139622.776,,,,,,,,,,18/12/2020,Tree,,,Totalstation,,,,1034116650,676,
243,,,587529.3376,6139617.85,,,,,,,,,,18/12/2020,Tree,,,Totalstation,,,,1034116651,27685,
244,,,587520.4013,6139632.385,,,,,,,,,,18/12/2020,Tree,,,Totalstation,,,,1034116653,2120,
245,,,587529.0578,6139637.472,,,,,,,,,,18/12/2020,Tree,,,Totalstation,,,,1034116652,6372,
246,,,587536.7094,6139647.531,,,,,,,,,,18/12/2020,Tree,,,Totalstation,,,,1034116666,27677,
247,,,587538.9198,6139643.666,,,,,,,,,,18/12/2020,Tree,,,Totalstation,,,,1034116667,691,
248,,,587548.5133,6139627.59,,,,,,,,,,18/12/2020,Tree,,,Totalstation,,,,,13075,
249,,,587539.3254,6139637.157,,,,,,,,,,18/12/2020,Manhole Cover,Large,Ulefos,Totalstation,,,,,,71f8bcc6-3df8-41bf-a5b1-ef5483fd72b6
250,,,587555.5142,6139611.313,,,,,,,,,,18/12/2020,Manhole Cover,Large Square,,Totalstation,,,,,,b33d7de1-bfab-4337-9f4e-e065d0497b10
251,,,587579.3319,6139616.884,,,,,,,,,,18/12/2020,Manhole Cover,Large Square,,Totalstation,,,,,,
252,,,587581.005,6139611.737,,,,,,,,,,18/12/2020,Manhole Cover,Large Square,,Totalstation,,,,,,
253,,,587550.3565,6139620.084,,,,,,,,,,18/12/2020,Manhole Cover,Large Square,,Totalstation,,,,1034132063,,eb04cc25-d6e7-450e-8cec-4e6601e9a9da
254,,,587559.3715,6139609.916,,,,,,,,,,18/12/2020,Downspout Grille,Wavy,,Totalstation,,,,1034131985,,
255,,,587568.0242,6139612.667,,,,,,,,,,18/12/2020,Downspout Grille,Wavy,,Totalstation,,,,1034131987,,
256,,,587574.2465,6139624.114,,,,,,,,,,18/12/2020,Manhole Cover,Large,Ulefos,Totalstation,,,,,,
257,,,587545.9769,6139606.636,,,,,,,,,,18/12/2020,Downspout Grille,Wavy,,Totalstation,,,,,,
258,,,587539.5097,6139604.728,,,,,,,,,,18/12/2020,Downspout Grille,Wavy,,Totalstation,,,,,,
259,,,587533.5669,6139602.567,,,,,,,,,,18/12/2020,Downspout Grille,Wavy,,Totalstation,,,,,,
260,,,587523.0219,6139613.197,,,,,,,,,,18/12/2020,Downspout Grille,Wavy,,Totalstation,,,,,,
261,,,587514.3788,6139628.003,,,,,,,,,,18/12/2020,Downspout Grille,Wavy,,Totalstation,,,,,,
262,,,587535.9958,6139647.406,,,,,,,,,,18/12/2020,Downspout Grille,Wavy,,Totalstation,,,,,,
263,,,587543.8189,6139655.608,,,,,,,,,,18/12/2020,Downspout Grille,Wavy,,Totalstation,,,,1034131924,,
264,,,587550.3642,6139643.83,,,,,,,,,,18/12/2020,Downspout Grille,Wavy,,Totalstation,,,,1034131925,,
265,,,587548.5104,6139604.952,,,,,,,,,,18/12/2020,Trash Can,Type 3,,Totalstation,,,,,,
266,,,587577.8086,6139614.573,,,,,,,,,,18/12/2020,Statue,,Turtle,Totalstation,,,,,,
267,,,587579.3178,6139621.41,,,,,,,,,,18/12/2020,Manhole Cover,Small Round,,Totalstation,,,,,,
268,,,587579.2462,6139622.205,,,,,,,,,,18/12/2020,Manhole Cover,Small Round,Stone,Totalstation,,,,,,
269,,,587576.7876,6139626.446,,,,,,,,,,18/12/2020,Manhole Cover,Small Round,Stone,Totalstation,,,,,,
270,,,587544.1889,6139653.734,,,,,,,,,,18/12/2020,Manhole Cover,Large,,Totalstation,,,,,,
271,,,587513.7843,6139624.478,,,,,,,,,,18/12/2020,Manhole Cover,,,Totalstation,,,,,,
272,,,587613.674,6139574.295,,,,,,,,,,23/01/2020,Downspout Grille,,,Totalstation,,,,,,
273,,,587598.194,6139587.287,,,,,,,,,,23/01/2020,Downspout Grille,,,Totalstation,,,,,,
274,,,587608.391,6139593.067,,,,,,,,,,23/01/2020,Downspout Grille,,,Totalstation,,,,,23136,
275,,,587585.346,6139583.459,,,,,,,,,,23/01/2020,Fuse Box,,,Totalstation,,1221,,,,
276,,,587616.786,6139590.829,,,,,,,,,,23/01/2020,Statue,,Tall,Totalstation,,,,1034131765,8056,
277,83,155600.3,587570.7415,6139621.077,4,10,1,14.407,M,39.46,M,1.3,0015*7D,,Downspout Grille,,,GNSS,,,,1034131988,,
278,84,160958.65,587695.9196,6139539.141,5,8,1.2,19.592,M,39.46,M,1.6,0015*72,,Downspout Grille,,,GNSS,,,,1034131813,21464,
279,85,161145.3,587708.0232,6139525.467,5,6,4.2,25.227,M,39.46,M,1.3,0015*79,,Downspout Grille,,,GNSS,,,,,21465,
280,86,161315.5,587725.243,6139520.136,5,6,4.2,29.658,M,39.46,M,1.5,0015*79,,Downspout Grille,,,GNSS,,,,1034131812,,
